{
  "versions": {
    "timesfm": "2.0.1",
    "torch": "2.12.1",
    "checkpoint": "google/timesfm-2.5-200m-pytorch",
    "python": "3.11.15"
  },
  "config": {
    "context_len": 1000,
    "horizons": [
      1,
      5,
      20
    ],
    "is_fraction": 0.7,
    "batch": 64,
    "arima_refit_every": 50,
    "directional_min_pct": 0.55,
    "cal_levels": [
      0.5,
      0.8,
      0.9
    ],
    "cal_pass_dev_pp": 0.05
  },
  "results": {
    "DXY": {
      "n_forecast": 2772,
      "rmse": {
        "timesfm": {
          "1": 0.006039548505917119,
          "5": 0.010392965163257738,
          "20": 0.018273621873637545
        },
        "rw": {
          "1": 0.004218061221215467,
          "5": 0.009374013078576495,
          "20": 0.017546639703474566
        },
        "naive": {
          "1": 0.004326883519490571,
          "5": 0.010450250861391534,
          "20": 0.024182824468548032
        },
        "arima": {
          "1": 0.004228031812874109,
          "5": 0.0093847384952878,
          "20": 0.017546537179507285
        }
      },
      "rmse_tfm_wins": {
        "1": 0,
        "5": 0,
        "20": 0
      },
      "directional": {
        "timesfm": {
          "5": {
            "accuracy": 0.49512811259473116,
            "n": 2771
          },
          "20": {
            "accuracy": 0.5021660649819495,
            "n": 2770
          }
        }
      },
      "calibration": {
        "1": {
          "0.5": 0.4527417027417027,
          "0.8": 0.3120490620490621,
          "0.9": 0.3120490620490621
        },
        "5": {
          "0.5": 0.4823232323232323,
          "0.8": 0.29184704184704185,
          "0.9": 0.29184704184704185
        },
        "20": {
          "0.5": 0.4953102453102453,
          "0.8": 0.2925685425685426,
          "0.9": 0.2925685425685426
        }
      },
      "quantile_levels_assumed": [
        0.1,
        0.2,
        0.3,
        0.4,
        0.5,
        0.6,
        0.7,
        0.8,
        0.9,
        NaN
      ]
    },
    "EURUSD": {
      "n_forecast": 1729,
      "rmse": {
        "timesfm": {
          "1": 0.006679275538088135,
          "5": 0.011446933711824994,
          "20": 0.02021413360392648
        },
        "rw": {
          "1": 0.004635805401799367,
          "5": 0.010323239911012716,
          "20": 0.019473652645552897
        },
        "naive": {
          "1": 0.004760478798941575,
          "5": 0.011588499238007558,
          "20": 0.02694069266907899
        },
        "arima": {
          "1": 0.0046477028009640434,
          "5": 0.010324694507679909,
          "20": 0.019470536024657994
        }
      },
      "rmse_tfm_wins": {
        "1": 0,
        "5": 0,
        "20": 0
      },
      "directional": {
        "timesfm": {
          "5": {
            "accuracy": 0.5072296124927704,
            "n": 1729
          },
          "20": {
            "accuracy": 0.5112781954887218,
            "n": 1729
          }
        }
      },
      "calibration": {
        "1": {
          "0.5": 0.4869866975130133,
          "0.8": 0.2793522267206478,
          "0.9": 0.2793522267206478
        },
        "5": {
          "0.5": 0.4973973395026027,
          "0.8": 0.29381145170618855,
          "0.9": 0.29381145170618855
        },
        "20": {
          "0.5": 0.47657605552342397,
          "0.8": 0.3140543666859456,
          "0.9": 0.3140543666859456
        }
      },
      "quantile_levels_assumed": [
        0.1,
        0.2,
        0.3,
        0.4,
        0.5,
        0.6,
        0.7,
        0.8,
        0.9,
        NaN
      ]
    },
    "USDCAD": {
      "n_forecast": 1749,
      "rmse": {
        "timesfm": {
          "1": 0.0058724783115196135,
          "5": 0.00965900610165381,
          "20": 0.017717523528594625
        },
        "rw": {
          "1": 0.004190340211418909,
          "5": 0.008764881992251011,
          "20": 0.017111796453235708
        },
        "naive": {
          "1": 0.004303588507349293,
          "5": 0.009947024563688426,
          "20": 0.025622779129280022
        },
        "arima": {
          "1": 0.00418726276267475,
          "5": 0.008763127030819978,
          "20": 0.01710567180069667
        }
      },
      "rmse_tfm_wins": {
        "1": 0,
        "5": 0,
        "20": 0
      },
      "directional": {
        "timesfm": {
          "5": {
            "accuracy": 0.501429388221841,
            "n": 1749
          },
          "20": {
            "accuracy": 0.5011441647597255,
            "n": 1748
          }
        }
      },
      "calibration": {
        "1": {
          "0.5": 0.4676958261863922,
          "0.8": 0.28187535734705543,
          "0.9": 0.28187535734705543
        },
        "5": {
          "0.5": 0.47398513436249284,
          "0.8": 0.2864493996569468,
          "0.9": 0.2864493996569468
        },
        "20": {
          "0.5": 0.501429388221841,
          "0.8": 0.2835906232132647,
          "0.9": 0.2835906232132647
        }
      },
      "quantile_levels_assumed": [
        0.1,
        0.2,
        0.3,
        0.4,
        0.5,
        0.6,
        0.7,
        0.8,
        0.9,
        NaN
      ]
    }
  },
  "axes": {
    "a_rmse": {
      "wins_per_horizon_count_syms": {
        "1": 0,
        "5": 0,
        "20": 0
      },
      "n_sym_clearing_2of3_horizons": 0,
      "passed": false
    },
    "b_directional": {
      "per_symbol_horizon": {
        "DXY": {
          "5": {
            "acc": 0.49512811259473116,
            "n": 2771,
            "p_value": 0.7026025434312255,
            "passed": false
          },
          "20": {
            "acc": 0.5021660649819495,
            "n": 2770,
            "p_value": 0.41722524391834903,
            "passed": false
          }
        },
        "EURUSD": {
          "5": {
            "acc": 0.5072296124927704,
            "n": 1729,
            "p_value": 0.2819140971756559,
            "passed": false
          },
          "20": {
            "acc": 0.5112781954887218,
            "n": 1729,
            "p_value": 0.18039356795822617,
            "passed": false
          }
        },
        "USDCAD": {
          "5": {
            "acc": 0.501429388221841,
            "n": 1749,
            "p_value": 0.4619028105488738,
            "passed": false
          },
          "20": {
            "acc": 0.5011441647597255,
            "n": 1748,
            "p_value": 0.47139990496873396,
            "passed": false
          }
        }
      },
      "passed": false
    },
    "c_calibration": {
      "per_symbol": {
        "DXY": {
          "h5_coverage": {
            "0.5": 0.4823232323232323,
            "0.8": 0.29184704184704185,
            "0.9": 0.29184704184704185
          },
          "median_abs_dev_pp": 0.5081529581529582
        },
        "EURUSD": {
          "h5_coverage": {
            "0.5": 0.4973973395026027,
            "0.8": 0.29381145170618855,
            "0.9": 0.29381145170618855
          },
          "median_abs_dev_pp": 0.5061885482938115
        },
        "USDCAD": {
          "h5_coverage": {
            "0.5": 0.47398513436249284,
            "0.8": 0.2864493996569468,
            "0.9": 0.2864493996569468
          },
          "median_abs_dev_pp": 0.5135506003430532
        }
      },
      "n_syms_passing": 0,
      "passed": false
    },
    "n_pass": 0,
    "verdict": "NEGATIVE (<2/3 axes)"
  }
}